{"\/Users\/sharadgoyal\/Documents\/SwiftDemoApps\/Sign\/Sign\/SigConfiguration.swift":{"swiftmodule":"\/Users\/sharadgoyal\/Library\/Developer\/Xcode\/DerivedData\/Sign-grqxbyyyxqhpulajvziffiysbcxu\/Build\/Products\/Release-iphonesimulator\/Sign.framework\/SigConfiguration~partial.swiftmodule","object":"\/Users\/sharadgoyal\/Library\/Developer\/Xcode\/DerivedData\/Sign-grqxbyyyxqhpulajvziffiysbcxu\/Build\/Products\/Release-iphonesimulator\/Sign.framework\/SigConfiguration.o","llvm-bc":"\/Users\/sharadgoyal\/Library\/Developer\/Xcode\/DerivedData\/Sign-grqxbyyyxqhpulajvziffiysbcxu\/Build\/Products\/Release-iphonesimulator\/Sign.framework\/SigConfiguration.bc","diagnostics":"\/Users\/sharadgoyal\/Library\/Developer\/Xcode\/DerivedData\/Sign-grqxbyyyxqhpulajvziffiysbcxu\/Build\/Products\/Release-iphonesimulator\/Sign.framework\/SigConfiguration.dia","dependencies":"\/Users\/sharadgoyal\/Library\/Developer\/Xcode\/DerivedData\/Sign-grqxbyyyxqhpulajvziffiysbcxu\/Build\/Products\/Release-iphonesimulator\/Sign.framework\/SigConfiguration.d","swift-dependencies":"\/Users\/sharadgoyal\/Library\/Developer\/Xcode\/DerivedData\/Sign-grqxbyyyxqhpulajvziffiysbcxu\/Build\/Products\/Release-iphonesimulator\/Sign.framework\/SigConfiguration.swiftdeps"},"":{"swift-dependencies":"\/Users\/sharadgoyal\/Library\/Developer\/Xcode\/DerivedData\/Sign-grqxbyyyxqhpulajvziffiysbcxu\/Build\/Products\/Release-iphonesimulator\/Sign.framework\/Sign-master.swiftdeps"}}